date,open,high,low,close,volume
2018-06-11,30.17,36.2,30.17,36.2,78829.0
2018-06-12,39.82,39.82,39.82,39.82,26579.0
2018-06-13,43.8,43.8,43.8,43.8,45030.0
2018-06-14,48.18,48.18,48.18,48.18,74267.0
2018-06-15,53.0,53.0,53.0,53.0,256510.0
2018-06-19,58.3,58.3,58.3,58.3,1117428.0
2018-06-20,64.13,64.13,64.13,64.13,1310382.0
2018-06-21,70.54,70.54,70.54,70.54,1231660.0
2018-06-22,72.0,72.71,63.49,66.55,128170599.0
2018-06-25,68.2,71.6,67.22,69.19,69981999.0
2018-06-26,67.89,75.55,67.1,74.18,62553547.0
2018-06-27,74.21,74.93,71.77,74.09,44138862.0
2018-06-28,73.3,75.39,67.44,68.21,53080981.0
2018-06-29,68.68,74.3,67.77,71.96,45698575.0
2018-07-02,70.79,71.48,69.11,70.0,32470182.0
2018-07-03,70.2,71.19,65.85,69.29,33910064.0
2018-07-04,68.15,68.15,65.5,65.92,26282197.0
2018-07-05,65.0,71.88,64.88,68.81,34337783.0
2018-07-06,68.81,74.5,68.7,70.88,49213427.0
2018-07-09,70.8,71.57,69.11,71.55,31068979.0
2018-07-10,75.0,75.89,71.66,72.4,36484401.0
2018-07-11,70.0,78.94,69.58,77.06,49120805.0
2018-07-12,76.03,84.77,75.6,84.77,43085212.0
2018-07-13,82.0,88.47,81.03,82.7,48202055.0
2018-07-16,82.7,84.75,80.1,83.9,29515196.0
2018-07-17,83.11,84.17,79.66,82.28,28615349.0
2018-07-18,82.28,84.37,80.11,82.28,27113839.0
2018-07-19,82.0,85.15,80.67,82.89,25074483.0
2018-07-20,82.5,91.18,82.01,90.93,42695635.0
2018-07-23,89.0,90.54,87.55,88.62,25014352.0
2018-07-24,88.5,92.96,87.5,91.77,26501025.0
2018-07-25,91.0,95.08,82.59,82.59,45719348.0
2018-07-26,80.5,82.6,76.6,78.2,39286999.0
2018-07-27,78.0,78.64,75.67,76.05,22809584.0
2018-07-30,76.5,77.34,75.0,76.85,18041846.0
2018-07-31,76.78,76.79,70.51,72.22,28128307.0
2018-08-01,72.0,73.63,71.02,71.42,17933649.0
2018-08-02,70.4,73.29,70.05,72.56,19853529.0
2018-08-03,71.76,73.14,68.66,69.6,17288867.0
2018-08-06,69.0,71.08,67.6,69.65,15706945.0
2018-08-07,70.48,74.46,70.0,73.79,19964947.0
2018-08-08,73.5,73.58,71.11,71.52,14770817.0
2018-08-09,71.4,75.66,70.3,74.06,18474864.0
2018-08-10,73.6,74.49,73.02,74.44,11673860.0
2018-08-13,73.0,74.19,72.03,74.01,10949557.0
2018-08-14,73.8,73.89,71.44,71.57,11735618.0
2018-08-15,70.98,72.03,69.0,69.11,12916705.0
2018-08-16,68.0,69.88,66.21,68.99,10715293.0
2018-08-17,69.9,70.51,68.1,68.16,8224837.0
2018-08-20,67.88,69.11,66.0,68.95,10922929.0
2018-08-21,68.97,70.78,68.02,69.57,10208839.0
2018-08-22,69.06,70.25,67.21,67.47,8999917.0
2018-08-23,67.65,69.65,67.08,69.1,12193136.0
2018-08-24,67.81,71.2,67.7,68.8,13360932.0
2018-08-27,68.58,70.98,67.89,70.46,12915092.0
2018-08-28,70.61,74.32,70.4,73.01,18813962.0
2018-08-29,72.6,73.5,71.81,73.02,10333837.0
2018-08-30,73.19,74.0,69.63,69.99,13681809.0
2018-08-31,68.49,69.2,65.01,65.5,15901213.0
2018-09-03,64.8,64.8,61.0,63.26,15910805.0
2018-09-04,63.2,64.25,62.76,63.85,8067558.0
2018-09-05,63.6,63.98,61.39,61.39,9689281.0
2018-09-06,60.6,62.65,60.32,61.84,8854073.0
2018-09-07,62.49,64.88,62.21,63.32,12748586.0
2018-09-10,63.56,63.79,61.0,61.35,6545100.0
2018-09-11,61.4,63.16,61.4,62.57,6629327.0
2018-09-12,62.8,65.25,62.61,64.5,12115986.0
2018-09-13,65.64,66.1,63.39,64.8,9852036.0
2018-09-14,66.3,69.0,65.86,65.9,15831828.0
2018-09-17,64.57,65.48,63.59,63.71,7131416.0
2018-09-18,63.0,66.41,62.99,66.36,7789233.0
2018-09-19,65.99,68.56,65.45,67.33,9502594.0
2018-09-20,67.01,69.9,67.01,67.99,10200717.0
2018-09-21,68.63,69.9,67.86,69.19,7748207.0
2018-09-25,68.4,69.3,67.71,68.33,4204191.0
2018-09-26,68.66,73.5,68.66,72.89,16061574.0
2018-09-27,72.25,74.95,71.7,72.55,13694667.0
2018-09-28,72.11,75.09,72.11,73.0,11921098.0
2018-10-08,71.88,71.88,67.8,68.45,13116724.0
2018-10-09,68.91,69.16,64.1,64.9,13389377.0
2018-10-10,65.61,65.8,63.6,64.9,7163213.0
2018-10-11,61.88,63.47,59.51,60.45,12809465.0
2018-10-12,60.45,63.16,60.38,62.86,8600315.0
2018-10-15,68.8,69.15,67.88,69.15,19801487.0
2018-10-16,70.0,70.36,67.94,68.85,10452197.0
2018-10-17,69.77,71.78,69.21,70.0,14232165.0
2018-10-18,68.7,71.4,65.52,68.03,10810902.0
2018-10-19,67.01,74.26,67.01,73.77,14125112.0
2018-10-22,74.09,81.1,74.09,79.1,18106362.0
2018-10-23,78.1,79.96,76.1,78.0,12736627.0
2018-10-24,77.84,79.47,76.12,77.0,10042803.0
2018-10-25,75.0,81.58,74.51,80.91,13372207.0
2018-10-26,80.69,80.69,73.01,74.6,17691702.0
2018-10-29,74.94,75.4,70.6,70.76,12719771.0
2018-10-30,70.65,75.35,69.88,75.0,12887554.0
2018-10-31,75.29,77.43,74.2,74.5,9794351.0
2018-11-01,75.2,76.82,73.21,73.61,9723959.0
2018-11-02,76.14,78.63,76.05,78.48,13705894.0
2018-11-05,78.48,82.48,77.8,79.39,13063517.0
2018-11-06,79.03,82.4,76.0,81.57,12165834.0
2018-11-07,80.2,82.38,78.21,79.04,12658732.0
2018-11-08,79.84,80.38,76.89,77.31,8044866.0
2018-11-09,77.0,79.05,76.66,77.75,6063937.0
2018-11-12,77.0,83.8,76.7,83.25,14889918.0
2018-11-13,82.0,82.51,79.8,81.63,14287007.0
2018-11-14,80.41,83.0,79.75,81.0,10790715.0
2018-11-15,80.41,82.2,79.9,81.35,7576857.0
2018-11-16,81.68,81.76,78.62,80.11,9809408.0
2018-11-19,79.59,81.48,79.0,79.35,7259001.0
2018-11-20,78.71,79.2,77.56,77.77,7722096.0
2018-11-21,77.5,79.75,76.5,78.65,7314829.0
2018-11-22,78.2,79.44,77.6,77.91,4071768.0
2018-11-23,77.91,77.95,73.9,73.98,10403744.0
2018-11-26,73.8,74.88,72.8,74.62,7610013.0
2018-11-27,74.68,76.85,73.76,75.6,7953332.0
2018-11-28,75.75,79.48,75.25,78.68,9918840.0
2018-11-29,79.5,81.5,78.03,78.03,9736251.0
2018-11-30,78.01,80.99,78.01,80.03,9067577.0
2018-12-03,82.52,83.49,80.56,80.85,12645226.0
2018-12-04,80.2,83.08,80.04,82.3,9579665.0
2018-12-05,81.0,82.6,80.6,81.37,7391554.0
2018-12-06,80.8,82.28,79.0,79.01,11385399.0
2018-12-07,79.18,80.46,79.18,79.7,5642133.0
2018-12-10,79.45,80.37,76.8,78.29,7606831.0
2018-12-11,78.5,79.18,77.82,78.56,3450062.0
2018-12-12,79.34,81.98,79.0,81.5,9472483.0
2018-12-13,81.92,82.27,80.58,82.11,7244428.0
2018-12-14,81.93,82.48,79.31,79.34,7090513.0
2018-12-17,78.8,80.49,77.0,80.16,6864481.0
2018-12-18,79.0,80.59,78.68,79.55,4885589.0
2018-12-19,79.16,81.7,78.34,79.5,7092653.0
2018-12-20,79.38,79.39,76.23,77.34,9773738.0
2018-12-21,77.54,78.5,75.6,78.5,8873743.0
2018-12-24,77.68,79.24,77.01,78.03,5938803.0
2018-12-25,77.04,77.74,75.65,77.2,6588306.0
2018-12-26,77.2,77.9,75.53,75.9,4925282.0
2018-12-27,77.2,77.48,75.78,75.78,4881471.0
2018-12-28,75.69,76.62,73.8,73.8,5629239.0
2019-01-02,74.25,74.97,73.53,73.66,4394096.0
2019-01-03,72.51,74.54,72.51,73.83,4494903.0
2019-01-04,73.33,77.24,73.23,76.96,7905331.0
2019-01-07,76.94,77.65,76.3,77.42,5969559.0
2019-01-08,77.22,79.45,77.2,79.33,8574990.0
2019-01-09,77.0,78.21,75.18,77.98,12379879.0
2019-01-10,77.64,77.85,76.02,76.28,8394273.0
2019-01-11,76.6,76.75,74.8,75.29,6136703.0
2019-01-14,75.3,76.33,74.3,76.08,4848795.0
2019-01-15,76.0,77.48,74.85,77.37,5873635.0
2019-01-16,76.9,77.2,76.41,76.67,2573862.0
2019-01-17,76.95,77.69,76.41,76.66,3718809.0
2019-01-18,77.16,77.16,74.0,75.4,6503927.0
2019-01-21,75.03,75.63,74.26,75.24,5241159.0
2019-01-22,75.0,75.67,74.03,74.27,4258858.0
2019-01-23,74.26,75.66,74.01,75.44,4884798.0
2019-01-24,75.0,75.86,74.7,75.17,3798418.0
2019-01-25,75.64,78.79,75.17,77.44,9118956.0
2019-01-28,78.1,78.26,76.02,76.07,4628893.0
2019-01-29,76.26,77.39,74.1,76.68,5236313.0
2019-01-30,74.33,77.36,73.61,76.2,7707782.0
2019-01-31,76.27,77.77,76.05,76.12,4412755.0
2019-02-01,76.67,79.17,76.2,78.4,6214411.0
2019-02-11,78.99,81.38,78.98,81.0,8343327.0
2019-02-12,80.5,81.6,80.03,81.0,4989121.0
2019-02-13,80.8,83.57,80.37,81.7,7877177.0
2019-02-14,81.5,88.88,81.35,84.72,12723314.0
2019-02-15,84.4,86.0,82.4,82.42,10515313.0
2019-02-18,83.15,84.88,82.56,84.46,8778720.0
2019-02-19,84.66,84.78,81.8,82.29,9425786.0
2019-02-20,82.8,84.5,82.1,83.17,6067442.0
2019-02-21,82.7,84.87,82.3,83.33,8228772.0
2019-02-22,83.0,85.3,82.11,84.37,8960036.0
2019-02-25,85.77,91.66,85.77,91.32,15411302.0
2019-02-26,90.0,90.8,87.68,88.5,11324211.0
2019-02-27,87.7,89.39,85.3,86.05,9103790.0
2019-02-28,86.01,89.18,86.01,87.7,7239918.0
2019-03-01,91.1,92.88,89.4,90.03,9619284.0
2019-03-04,91.5,95.16,90.73,92.39,14036947.0
2019-03-05,92.38,92.98,91.2,92.6,8615692.0
2019-03-06,93.12,93.8,89.38,91.2,10432922.0
2019-03-07,90.85,90.85,86.68,87.89,13707148.0
2019-03-08,86.0,88.3,84.72,84.97,11069663.0
2019-03-11,84.73,88.18,84.55,87.92,9354658.0
2019-03-12,91.6,93.85,89.21,91.07,14763435.0
2019-03-13,90.99,90.99,87.71,88.08,7577721.0
2019-03-14,87.98,90.48,87.32,88.95,7982575.0
2019-03-15,90.01,91.4,88.97,89.83,7821543.0
2019-03-18,89.89,90.0,87.9,89.28,7275762.0
2019-03-19,89.15,91.88,88.0,88.6,6817028.0
2019-03-20,88.5,88.5,85.82,87.17,8814118.0
2019-03-21,87.0,88.4,85.95,87.12,8135960.0
2019-03-22,87.12,87.12,85.21,86.58,6018992.0
2019-03-25,87.97,90.58,87.02,89.0,12990646.0
2019-03-26,88.02,88.49,84.9,85.3,9719783.0
2019-03-27,85.5,86.54,82.3,83.41,9492122.0
2019-03-28,83.34,84.36,82.1,83.2,5857193.0
2019-03-29,83.42,85.0,82.65,85.0,7124126.0
2019-04-01,85.16,86.96,85.0,86.35,9239090.0
2019-04-02,86.35,86.43,84.33,84.98,10241327.0
2019-04-03,84.8,85.2,83.88,84.48,7184038.0
2019-04-04,84.63,85.16,84.0,84.17,6679609.0
2019-04-08,84.71,84.9,81.1,82.29,11376979.0
2019-04-09,84.76,85.25,82.9,83.91,11942266.0
2019-04-10,83.81,83.81,81.7,82.24,10840837.0
2019-04-11,82.25,82.6,80.58,80.72,8953765.0
2019-04-12,80.92,82.61,80.91,81.98,5935673.0
2019-04-15,82.8,83.01,80.95,80.97,5995060.0
2019-04-16,80.5,82.27,80.37,82.27,5718722.0
2019-04-17,83.5,86.28,83.5,86.11,20500478.0
2019-04-18,86.12,86.3,84.42,84.65,7061781.0
2019-04-19,84.52,84.99,82.9,83.2,6296775.0
2019-04-22,83.21,83.6,81.03,81.23,6649229.0
2019-04-23,80.5,80.65,75.01,78.17,11525936.0
2019-04-24,78.18,79.86,77.4,79.78,5134374.0
2019-04-25,78.59,80.86,78.1,79.1,5297314.0
2019-04-26,79.0,80.35,78.98,79.35,3491801.0
2019-04-29,80.99,81.37,79.15,79.78,4788277.0
2019-04-30,79.8,80.58,79.15,79.76,3109077.0
2019-05-06,76.87,77.66,75.06,75.7,6543106.0
2019-05-07,76.0,77.42,75.62,75.85,3711940.0
2019-05-08,74.9,76.17,73.7,74.61,3499581.0
2019-05-09,74.0,75.09,72.63,72.7,4813423.0
2019-05-10,73.48,74.49,70.72,74.1,5407424.0
2019-05-13,73.05,73.26,71.26,71.59,4632721.0
2019-05-14,71.92,73.2,71.91,72.16,4332993.0
2019-05-15,72.5,75.15,72.5,74.98,6619534.0
2019-05-16,74.8,74.84,73.9,74.33,3737156.0
2019-05-17,74.71,74.71,71.92,72.25,3600307.0
2019-05-20,71.37,72.08,67.89,69.69,4523747.0
2019-05-21,70.22,71.18,69.88,70.15,3194938.0
2019-05-22,70.72,70.92,69.25,69.37,2782387.0
2019-05-23,68.8,69.25,67.3,67.48,4401686.0
2019-05-24,67.82,68.2,66.99,67.85,2931112.0
2019-05-27,67.99,69.64,67.68,69.2,4369021.0
2019-05-28,69.2,71.88,68.8,71.88,5318129.0
2019-05-29,70.21,71.29,70.05,70.57,3295113.0
2019-05-30,70.49,70.49,68.9,69.81,2872644.0
2019-05-31,70.3,70.47,69.36,69.44,2516679.0
2019-06-03,68.6,69.67,68.0,68.16,3252837.0
2019-06-04,68.4,68.4,66.8,66.87,3166678.0
2019-06-05,67.37,69.35,67.36,69.07,5009314.0
2019-06-06,68.81,68.89,66.66,66.94,3748486.0
2019-06-10,67.85,70.27,66.91,67.6,8845244.0
2019-06-11,64.02,68.94,64.0,68.19,24107111.0
2019-06-12,67.27,69.5,67.27,68.65,15350806.0
2019-06-13,68.6,72.26,67.9,71.01,21548752.0
2019-06-14,71.07,74.18,70.8,72.18,20433297.0
2019-06-17,72.25,73.83,71.1,71.96,12070489.0
2019-06-18,71.9,72.38,70.4,71.05,8180108.0
2019-06-19,72.98,73.24,69.12,69.68,14281497.0
2019-06-20,69.68,70.24,68.25,69.06,12816110.0
2019-06-21,71.0,71.0,68.85,69.09,11818586.0
2019-06-24,69.09,69.13,67.91,68.86,6605850.0
2019-06-25,68.84,69.2,67.81,68.83,7638790.0
2019-06-26,68.44,70.56,68.29,69.98,9448365.0
2019-06-27,69.82,70.71,69.45,69.93,10948902.0
2019-06-28,68.9,69.43,68.0,68.88,5721215.0
2019-07-01,70.0,71.0,69.31,70.32,13077230.0
2019-07-02,70.28,72.38,69.96,71.04,16251996.0
2019-07-03,70.51,73.01,70.28,71.8,22100168.0
2019-07-04,71.99,72.28,70.55,71.05,8084414.0
2019-07-05,71.1,71.5,70.02,71.08,8893749.0
2019-07-08,70.53,70.53,67.89,68.86,8304330.0
2019-07-09,68.88,70.89,68.5,70.86,9602729.0
2019-07-10,71.1,73.47,71.0,72.25,15931512.0
2019-07-11,73.5,73.52,71.9,72.42,7067279.0
2019-07-12,72.79,74.23,72.51,73.88,9417205.0
2019-07-15,74.51,74.58,73.0,73.66,11271492.0
2019-07-16,73.41,73.66,71.31,72.82,9607041.0
2019-07-17,72.45,73.84,72.28,72.99,4317237.0
2019-07-18,72.46,72.8,71.33,71.5,4517044.0
2019-07-19,71.71,72.95,71.57,72.5,5735854.0
2019-07-22,72.5,73.6,71.51,73.08,8765702.0
2019-07-23,73.4,76.95,72.62,75.87,16470705.0
2019-07-24,76.2,76.93,75.4,75.68,11968548.0
2019-07-25,75.7,76.75,75.3,75.81,11840107.0
2019-07-26,75.36,77.77,75.36,76.66,11526351.0
2019-07-29,76.52,77.4,76.01,76.68,7037596.0
2019-07-30,76.9,78.49,76.14,77.76,9645886.0
2019-07-31,77.6,77.6,76.0,76.0,6622124.0
2019-08-01,75.9,76.93,75.28,75.8,6750326.0
2019-08-02,73.99,75.6,73.75,75.28,7166010.0
2019-08-05,74.7,75.2,72.88,73.0,8991667.0
2019-08-06,70.8,72.69,70.51,72.15,8493825.0
2019-08-07,72.5,74.55,72.44,73.33,8604899.0
2019-08-08,74.0,74.18,72.8,73.08,3874396.0
2019-08-09,73.97,73.97,71.51,71.93,4732689.0
2019-08-12,71.81,73.4,71.53,73.37,4253610.0
2019-08-13,72.82,74.29,72.58,73.47,5309490.0
2019-08-14,74.0,75.09,73.5,73.5,6324864.0
2019-08-15,71.95,74.2,71.71,74.17,4622234.0
2019-08-16,74.0,74.2,73.03,73.22,6954025.0
2019-08-19,73.7,76.2,73.22,76.2,10512285.0
2019-08-20,76.18,76.35,75.16,75.43,6819064.0
2019-08-21,75.22,76.95,75.22,75.8,6533092.0
2019-08-22,76.0,76.0,75.0,75.6,4917499.0
2019-08-23,75.59,75.59,71.92,73.9,16565181.0
2019-08-26,72.89,73.73,72.5,72.77,9127893.0
2019-08-27,73.36,74.53,73.11,73.3,9605221.0
2019-08-28,74.17,74.27,72.36,72.52,8640082.0
2019-08-29,72.51,72.53,71.03,71.08,10076080.0
2019-08-30,71.46,72.88,70.56,72.27,11896719.0
2019-09-02,72.19,73.14,71.89,72.96,9806682.0
2019-09-03,72.71,72.9,70.84,71.2,13019463.0
2019-09-04,70.88,71.38,69.9,71.18,11710654.0
2019-09-05,71.21,72.39,71.21,71.3,12301592.0
2019-09-06,71.45,72.3,71.45,71.86,8292198.0
2019-09-09,72.51,77.0,72.06,77.0,25802948.0
2019-09-10,77.33,77.75,76.45,77.22,18827878.0
2019-09-11,77.9,81.08,77.36,77.77,21230612.0
2019-09-12,78.2,79.7,77.3,78.0,15404790.0
2019-09-16,78.99,79.3,76.32,76.7,13527921.0
2019-09-17,76.58,76.58,74.21,74.52,14317599.0
2019-09-18,75.05,75.46,74.45,74.59,10085597.0
2019-09-19,74.59,76.0,74.59,75.38,14132303.0
2019-09-20,75.52,76.12,74.6,74.86,12802741.0
2019-09-23,74.87,74.88,72.3,72.99,12309884.0
2019-09-24,73.14,73.92,72.06,72.73,12842670.0
2019-09-25,72.6,73.78,71.85,72.96,13395325.0
2019-09-26,73.2,73.35,71.02,71.45,13092362.0
2019-09-27,71.45,71.89,71.06,71.46,7143729.0
2019-09-30,71.8,72.07,71.16,71.5,6760707.0
2019-10-08,71.61,71.98,70.2,70.26,8735710.0
2019-10-09,70.01,70.03,68.38,69.1,13221857.0
2019-10-10,70.07,71.64,69.76,70.9,12285154.0
2019-10-11,71.17,72.14,70.33,71.46,9492562.0
2019-10-14,71.9,72.0,70.5,70.85,12203588.0
2019-10-15,70.85,72.1,70.66,70.97,8935077.0
2019-10-16,71.01,71.33,69.5,69.69,8123690.0
2019-10-17,69.7,69.97,68.89,69.3,7245504.0
2019-10-18,69.6,70.32,69.36,70.09,7628238.0
2019-10-21,70.28,70.28,69.0,69.64,5043168.0
2019-10-22,70.0,70.92,70.0,70.72,6927358.0
2019-10-23,70.7,71.15,70.05,70.76,6317648.0
2019-10-24,70.93,71.95,70.88,71.63,9043248.0
2019-10-25,71.7,71.75,70.56,71.02,5389714.0
2019-10-28,70.05,70.82,69.68,70.81,9966286.0
2019-10-29,70.89,70.89,69.13,69.28,9865652.0
2019-10-30,69.0,69.72,68.38,69.52,7561367.0
2019-10-31,69.38,69.83,68.68,68.71,5626806.0
2019-11-01,68.52,69.4,68.42,69.33,5613492.0
2019-11-04,69.6,69.99,69.1,69.93,8286601.0
2019-11-05,70.31,74.35,69.93,73.48,23782533.0
2019-11-06,76.27,78.88,75.35,75.9,44148150.0
2019-11-07,75.3,76.91,74.13,75.3,21663334.0
2019-11-08,75.9,77.2,75.0,75.62,19035838.0
2019-11-11,74.78,75.4,73.7,73.7,9991343.0
2019-11-12,74.0,75.3,73.55,74.45,9084273.0
2019-11-13,74.8,74.89,73.79,73.94,6735241.0
2019-11-14,74.4,74.85,73.81,74.1,6725875.0
2019-11-15,74.29,74.29,71.6,72.6,10722051.0
2019-11-18,72.88,73.19,72.15,72.87,4495507.0
2019-11-19,73.28,76.97,72.88,76.94,18631350.0
2019-11-20,76.83,78.1,76.2,76.3,11246809.0
2019-11-21,76.7,78.1,76.3,77.15,12442467.0
2019-11-22,82.0,84.6,79.46,80.5,42347174.0
2019-11-25,81.35,83.65,81.0,83.58,28083768.0
2019-11-26,82.99,89.6,81.9,88.0,39148358.0
2019-11-27,87.45,88.86,85.97,87.25,19444274.0
2019-11-28,86.7,89.6,86.15,87.41,14522464.0
2019-11-29,87.12,88.9,85.38,87.41,12922196.0
2019-12-02,88.2,88.32,85.8,87.1,11901718.0
2019-12-03,87.0,87.25,84.59,86.4,15689440.0
2019-12-04,86.36,88.76,85.18,86.7,16878594.0
2019-12-05,87.02,93.46,86.96,92.0,26362986.0
2019-12-06,91.7,93.39,91.1,93.0,13437736.0
2019-12-09,93.5,93.5,90.9,92.89,14749903.0
2019-12-10,92.0,94.44,91.3,93.35,12694910.0
2019-12-11,93.35,94.19,90.5,91.49,13325522.0
2019-12-12,91.46,92.9,89.22,89.7,14878693.0
2019-12-13,91.53,93.4,90.32,93.0,18289816.0
2019-12-16,92.54,92.87,91.28,92.3,18217880.0
2019-12-17,94.8,97.19,94.44,95.39,27739358.0
2019-12-18,94.46,94.5,92.17,93.19,18640537.0
2019-12-19,93.5,93.58,91.52,93.25,10843349.0
2019-12-20,93.24,94.88,92.71,92.78,10357947.0
2019-12-23,92.0,95.39,91.56,92.9,14142900.0
2019-12-24,93.2,100.09,93.2,99.5,29704390.0
2019-12-25,99.35,105.48,98.15,105.3,23307715.0
2019-12-26,105.0,106.98,102.68,105.12,14841677.0
2019-12-27,105.12,110.0,103.15,104.2,24054959.0
2019-12-30,106.57,110.5,105.0,110.0,23577964.0
2019-12-31,109.86,110.35,105.54,106.4,21500700.0
2020-01-02,107.21,108.85,105.7,107.52,20611589.0
2020-01-03,107.52,110.19,105.97,109.55,18084178.0
2020-01-06,111.3,114.5,107.8,109.09,26500200.0
2020-01-07,109.01,109.64,107.41,108.5,13507544.0
2020-01-08,109.01,111.5,107.1,109.6,19224068.0
2020-01-09,112.0,115.5,110.01,115.0,20164351.0
2020-01-10,114.2,114.2,111.68,113.31,14428007.0
2020-01-13,116.0,118.48,114.2,116.9,21597445.0
2020-01-14,119.51,120.75,115.18,115.7,21768473.0
2020-01-15,115.7,117.58,112.21,115.3,17758720.0
2020-01-16,116.0,116.5,113.85,116.4,12934158.0
2020-01-17,116.36,117.56,114.0,115.08,14662407.0
2020-01-20,114.99,125.08,112.9,123.2,24892200.0
2020-01-21,122.51,123.0,120.46,121.65,14267108.0
2020-01-22,121.65,133.82,119.38,133.82,34991561.0
2020-01-23,132.5,137.0,125.1,130.57,35986224.0
2020-02-03,126.56,143.48,126.5,135.36,52634602.0
2020-02-04,145.77,148.9,140.01,148.9,35913583.0
2020-02-05,158.17,163.79,156.3,163.79,53082382.0
2020-02-06,155.01,169.89,152.99,169.89,57918993.0
2020-02-07,166.0,169.33,158.95,160.2,45499480.0
2020-02-10,161.0,168.58,160.0,165.26,37540921.0
2020-02-11,167.2,168.0,157.6,158.4,33994559.0
2020-02-12,153.55,161.84,152.03,159.65,32586206.0
2020-02-13,155.99,159.38,153.69,156.34,31360960.0
2020-02-14,158.9,159.9,148.86,149.9,43961853.0
2020-02-17,149.0,156.16,148.88,154.1,34447133.0
2020-02-18,154.1,159.0,152.85,156.62,28230513.0
2020-02-19,165.0,165.1,152.89,153.2,41816783.0
2020-02-20,156.5,165.0,153.0,160.0,51844020.0
2020-02-21,157.8,162.5,155.22,159.9,33805137.0
2020-02-24,157.0,159.85,152.48,154.41,36523081.0
2020-02-25,149.74,165.5,148.84,161.85,51602630.0
2020-02-26,158.7,160.85,150.7,152.86,33827986.0
2020-02-27,155.1,156.66,148.8,149.48,33200245.0
2020-02-28,139.99,145.0,135.51,135.67,50844719.0
2020-03-02,138.8,141.95,134.95,139.99,31815002.0
2020-03-03,146.0,149.69,143.9,145.78,29691061.0
2020-03-04,143.99,145.88,139.78,143.7,20594614.0
2020-03-05,146.54,147.83,142.0,145.22,22463328.0
2020-03-06,142.01,147.3,141.5,143.52,15980869.0
2020-03-09,138.99,140.9,133.0,133.45,29425285.0
2020-03-10,133.61,141.69,133.01,140.53,29274470.0
2020-03-11,143.0,148.58,138.8,140.78,33923207.0
2020-03-12,136.2,136.77,131.32,134.2,33385759.0
2020-03-13,126.1,133.8,126.01,132.1,27455284.0
2020-03-16,128.0,128.88,118.89,119.06,49048485.0
2020-03-17,121.0,122.93,111.25,117.95,39220328.0
2020-03-18,118.9,123.5,116.0,117.35,31338376.0
2020-03-19,119.0,119.5,111.69,115.04,33156307.0
2020-03-20,118.0,119.7,113.22,115.86,22514220.0
2020-03-23,110.8,111.57,105.01,107.48,30761809.0
2020-03-24,110.6,112.88,107.0,111.57,29116996.0
2020-03-25,116.2,122.18,116.0,121.0,38592846.0
2020-03-26,119.01,122.35,118.3,119.63,19437090.0
2020-03-27,122.21,123.33,117.36,118.71,17499077.0
2020-03-30,116.0,120.64,110.7,119.31,26165539.0
2020-03-31,120.27,123.13,117.86,120.39,19485192.0
2020-04-01,123.1,125.56,119.08,120.4,29895088.0
2020-04-02,117.5,123.6,116.71,123.6,20958836.0
2020-04-03,124.65,125.0,119.8,121.0,18220415.0
2020-04-07,123.6,126.09,123.02,124.7,18372889.0
2020-04-08,123.9,125.49,122.6,123.0,11946973.0
2020-04-09,123.98,124.48,119.81,120.21,16052778.0
2020-04-10,121.15,123.07,117.93,118.46,14569554.0
2020-04-13,114.9,116.99,113.08,114.69,12458136.0
2020-04-14,118.0,126.16,117.5,126.16,38893873.0
2020-04-15,129.8,131.89,127.23,128.0,32564492.0
2020-04-16,128.27,133.71,126.82,132.95,21638110.0
2020-04-17,136.08,140.58,135.1,136.95,29252182.0
2020-04-20,136.4,136.75,131.88,134.51,18700233.0
2020-04-21,131.99,132.86,127.0,130.52,19391746.0
2020-04-22,127.33,132.3,127.3,130.85,14686885.0
2020-04-23,132.9,132.9,128.6,129.9,12537857.0
2020-04-24,130.0,136.0,130.0,131.69,16991648.0
2020-04-27,133.02,136.0,132.08,133.91,14365453.0
2020-04-28,137.0,140.1,131.62,138.3,22691656.0
2020-04-29,136.13,140.19,136.01,138.72,11954408.0
2020-04-30,144.0,148.51,144.0,144.38,23338521.0
2020-05-06,139.0,146.8,138.75,145.79,19146391.0
2020-05-07,146.3,147.2,141.0,143.2,16078680.0
2020-05-08,143.0,145.22,140.89,144.08,14133880.0
2020-05-11,144.2,145.98,135.06,137.62,28536431.0
2020-05-12,139.06,139.88,135.73,139.0,16027660.0
2020-05-13,137.33,139.65,136.88,138.26,12154242.0
2020-05-14,137.85,138.25,135.5,135.6,11433488.0
2020-05-15,139.94,147.69,138.96,145.48,32212118.0
2020-05-18,145.0,145.0,139.69,141.81,16088936.0
2020-05-19,143.2,145.8,142.52,143.26,10425183.0
2020-05-20,150.0,155.4,149.01,149.3,32969279.0
2020-05-21,151.81,153.55,146.58,147.46,15487607.0
2020-05-22,146.62,146.86,141.0,142.81,14817295.0
2020-05-25,142.68,144.41,140.55,144.3,10378205.0
2020-05-26,145.77,150.41,145.2,150.03,17486531.0
2020-05-27,149.96,155.0,149.9,151.5,18104917.0
2020-05-28,149.99,150.9,143.5,147.84,17424709.0
2020-05-29,147.0,147.83,144.5,145.53,14142791.0
2020-06-01,147.47,153.03,146.36,150.95,15176562.0
2020-06-02,154.0,154.89,146.98,149.46,13703028.0
2020-06-03,150.0,151.12,147.81,148.5,11363532.0
2020-06-04,149.8,154.13,148.6,150.0,13757396.0
2020-06-05,149.55,151.35,147.26,151.2,9862700.0
2020-06-08,153.74,154.55,150.46,151.4,10560379.0
2020-06-09,154.5,155.97,153.1,153.96,15069925.0
2020-06-10,159.9,159.9,153.5,156.68,19821016.0
2020-06-11,160.0,170.08,158.13,163.98,36817709.0
2020-06-12,160.18,162.5,158.88,159.3,25244551.0
2020-06-15,156.23,161.26,155.51,157.7,15945246.0
2020-06-16,161.0,163.28,158.01,160.0,13129741.0
2020-06-17,159.04,160.5,156.01,157.8,12529134.0
2020-06-18,157.8,159.57,156.0,158.95,9656214.0
2020-06-19,159.98,168.8,159.15,165.9,25019327.0
2020-06-22,165.75,171.3,164.5,165.0,19041226.0
2020-06-23,166.0,169.13,163.52,168.89,15947506.0
2020-06-24,170.52,173.58,169.3,171.5,14660407.0
2020-06-29,170.5,172.5,169.01,171.04,11604049.0
2020-06-30,173.0,179.47,173.0,174.36,16251433.0
2020-07-01,178.5,181.9,167.88,169.4,28657478.0
2020-07-02,172.0,172.18,164.51,167.2,27047963.0
2020-07-03,170.0,170.74,167.03,167.6,24026447.0
2020-07-06,168.2,180.0,167.59,177.8,30715268.0
2020-07-07,188.0,195.58,187.5,195.58,25360423.0
2020-07-08,197.99,198.82,189.98,197.57,28889036.0
2020-07-09,197.0,206.77,196.0,205.02,27903552.0
2020-07-10,202.98,207.16,200.6,203.9,16829333.0
2020-07-13,211.6,224.29,211.6,224.11,30326879.0
2020-07-14,214.0,220.7,208.86,215.95,33329626.0
2020-07-15,219.0,220.57,202.11,207.03,27435061.0
2020-07-16,208.0,212.88,196.4,196.77,27254968.0
2020-07-17,197.01,201.18,188.08,195.7,30378591.0
2020-07-20,204.09,211.11,199.09,205.3,28999908.0
2020-07-21,209.99,209.99,203.0,207.0,18656592.0
2020-07-22,205.0,211.19,203.03,207.89,19165779.0
2020-07-23,207.0,215.51,206.0,213.5,25589954.0
2020-07-24,209.0,209.9,195.85,198.68,34398314.0
2020-07-27,198.0,200.98,189.99,191.3,25155581.0
2020-07-28,196.05,200.5,195.51,197.52,20148990.0
2020-07-29,197.52,205.0,195.27,204.18,18998583.0
2020-07-30,205.0,206.98,202.4,205.35,14353072.0
2020-07-31,206.0,215.3,205.5,212.17,20704980.0
2020-08-03,213.88,215.8,210.05,215.6,15106133.0
2020-08-04,214.3,222.98,210.32,210.69,19958062.0
2020-08-05,210.74,212.8,206.55,210.35,12730060.0
2020-08-06,216.88,217.88,208.0,211.5,14565688.0
2020-08-07,209.0,214.3,202.11,204.29,18055246.0
2020-08-10,204.2,205.3,198.08,200.68,13078744.0
2020-08-11,200.75,204.6,198.13,198.42,12233213.0
2020-08-12,199.9,200.26,188.2,195.73,25272741.0
2020-08-13,200.8,201.98,194.47,195.99,13061210.0
2020-08-14,197.7,200.45,195.99,200.37,11970002.0
2020-08-17,200.0,200.37,194.2,196.62,19707410.0
2020-08-18,199.6,205.0,195.88,199.28,22122398.0
2020-08-19,197.8,197.8,190.0,190.19,18714680.0
2020-08-20,187.0,191.0,185.0,188.42,13020138.0
2020-08-21,191.36,193.94,190.0,192.23,14655272.0
2020-08-24,194.2,208.0,192.24,202.01,25806984.0
2020-08-25,202.01,206.0,198.96,199.92,14549072.0
2020-08-26,199.01,199.98,192.94,194.4,15240258.0
2020-08-27,202.5,208.5,199.0,204.95,28397772.0
2020-08-28,206.32,209.5,203.68,208.3,16967122.0
2020-08-31,209.66,210.76,205.01,206.35,13514481.0
2020-09-01,206.5,215.0,205.01,214.25,19716189.0
2020-09-02,213.36,214.13,208.0,211.31,14608611.0
2020-09-03,210.0,211.0,205.89,209.9,12452889.0
2020-09-04,202.22,205.66,200.58,204.26,14773663.0
2020-09-07,202.9,204.85,180.0,186.4,44789699.0
2020-09-08,185.0,188.0,179.51,186.9,22073272.0
2020-09-09,179.0,187.5,177.99,184.32,18934368.0
2020-09-10,185.0,189.5,184.5,184.96,14826421.0
2020-09-11,186.0,189.3,183.35,187.3,11765001.0
2020-09-14,190.5,194.98,190.0,192.78,14289637.0
2020-09-15,195.5,197.0,192.82,194.7,11703665.0
2020-09-16,196.79,196.9,190.5,192.26,11837864.0
2020-09-17,192.24,201.95,191.0,198.4,18130771.0
2020-09-18,198.91,200.0,195.23,198.03,10548691.0
2020-09-21,201.9,208.0,196.86,197.93,16068319.0
2020-09-22,200.0,204.2,197.93,200.5,12339378.0
2020-09-23,199.6,199.82,191.1,197.0,15719429.0
2020-09-24,193.65,195.8,190.11,190.82,10668028.0
2020-09-25,193.6,194.7,190.59,191.5,6801208.0
2020-09-28,193.45,196.95,191.81,192.91,8233195.0
2020-09-29,195.49,206.25,195.43,204.99,20243551.0
2020-09-30,205.3,211.01,203.8,209.2,15990837.0
2020-10-09,219.99,228.88,219.77,224.87,23959241.0
2020-10-12,228.0,235.0,227.3,234.78,18938222.0
2020-10-13,234.88,238.58,229.0,235.67,10746666.0
2020-10-14,237.0,244.0,234.8,237.3,13770183.0
2020-10-15,241.11,244.1,237.0,238.6,9953526.0
2020-10-16,239.5,240.0,224.31,228.1,20304062.0
2020-10-19,231.33,236.1,228.0,229.41,13002499.0
2020-10-20,230.63,241.6,228.94,241.6,13596634.0
2020-10-21,240.06,240.63,227.68,232.33,16167925.0
2020-10-22,230.2,233.8,227.0,231.88,9055157.0
2020-10-23,232.51,238.76,224.45,225.0,11593811.0
2020-10-26,225.97,233.63,219.33,233.15,10802773.0
2020-10-27,235.0,238.7,232.0,237.21,9101539.0
2020-10-28,227.65,245.47,226.66,240.26,22415826.0
2020-10-29,237.02,244.02,232.32,240.0,17435230.0
2020-10-30,241.02,256.6,238.3,247.17,22958747.0
2020-11-02,247.0,265.5,244.51,260.14,18946131.0
2020-11-03,260.0,260.0,247.18,256.02,18456665.0
2020-11-04,255.0,260.0,250.0,255.55,11061672.0
2020-11-05,261.0,268.5,260.96,268.5,15795924.0
2020-11-06,271.38,275.23,260.0,263.5,15658385.0
2020-11-09,268.0,272.9,261.1,266.43,13228570.0
2020-11-10,265.32,271.88,255.55,265.92,14417544.0
2020-11-11,264.11,267.48,250.84,250.84,15758398.0
2020-11-12,260.0,260.0,252.58,254.25,9716864.0
2020-11-13,258.12,260.77,253.0,253.21,11377678.0
2020-11-16,253.89,257.7,247.43,254.9,12312065.0
2020-11-17,257.3,260.0,246.5,250.68,13674853.0
2020-11-18,250.12,252.06,236.82,240.5,19283321.0
2020-11-19,241.01,243.55,237.11,242.1,9758010.0
2020-11-20,244.49,253.6,244.48,252.08,12303462.0
2020-11-23,252.08,259.7,250.1,253.0,12091293.0
2020-11-24,258.0,259.1,250.01,254.7,9791966.0
2020-11-25,256.6,256.88,244.4,246.22,11709894.0
2020-11-26,246.6,246.6,239.2,245.34,8629485.0
2020-11-27,245.42,248.77,238.0,242.0,8433221.0
2020-11-30,244.0,244.0,234.02,242.8,12666236.0
2020-12-01,238.8,246.65,238.0,246.17,9491971.0
2020-12-02,246.0,246.0,236.6,243.69,11965310.0
2020-12-03,243.69,246.97,238.37,245.99,10688561.0
2020-12-04,245.06,251.3,244.35,249.72,9233784.0
2020-12-07,250.9,264.83,250.9,261.46,17112954.0
2020-12-08,265.5,269.89,264.5,266.03,11636158.0
2020-12-09,268.73,272.6,262.08,266.0,15363649.0
2020-12-10,263.15,267.5,259.0,264.82,9985664.0
2020-12-11,263.31,267.52,261.7,266.56,12893673.0
2020-12-14,266.57,268.73,262.1,266.0,10724116.0
2020-12-15,268.0,279.37,264.45,278.5,17781261.0
2020-12-16,280.2,286.3,277.0,286.06,14288803.0
2020-12-17,284.2,287.8,282.01,284.81,8812326.0
2020-12-18,285.5,292.95,283.22,289.99,9512618.0
2020-12-21,296.75,325.0,293.3,325.0,19810397.0
2020-12-22,319.99,330.33,311.7,313.64,16874400.0
2020-12-23,313.67,329.3,307.18,318.0,17390320.0
2020-12-24,317.0,318.66,308.5,311.0,9478596.0
2020-12-25,309.0,315.2,306.01,312.79,9539934.0
2020-12-28,315.2,320.0,311.0,316.78,11973062.0
2020-12-29,316.79,318.8,303.38,308.0,12174791.0
2020-12-30,320.0,347.94,320.0,340.0,22881682.0
